no,vol,article no,pages in range,publisher name,publisher location,publisher year
1,9,,132-136,Varazdin Development and Entrepreneurship Agency,Varazdin,2019
,,,103-111,Russian State Social University,Moscow,2019
383,,,108-122,Faculty of Management University of Warsaw,Warsaw,2019
,,,,University North,Koprivnica,2019
,,,,Faculty of Law,Rabat,2019
,,,,Wydawnictwo Politechniki Czêstochowskiej,Czêstochowa,2019
,,,,Varazdin Development and Entrepreneurship Agency,Varazdin,2019
382,,,80-90,Russian State Social University,Moscow,2019
6,,,2-10,Faculty of Management University of Warsaw,Warsaw,2019
382,,,64-79,University North,Koprivnica,2019
382,,,133-142,Faculty of Law,Rabat,2019
382,,,123-132,Wydawnictwo Uniwersytetu Ekonomicznego w Katowicach,Katowice,2019
5,,,25-31,Varazdin Development and Entrepreneurship Agency,Varazdin,2019
382,,,24-37,Russian State Social University,Moscow,2019
2,53,,67-77,Faculty of Management University of Warsaw,Warsaw,2019
20,,,87-102,University North,Koprivnica,2019
,,,230-241,Faculty of Law,Rabat,2019
2,20,,57-72,STEF92 Technology,Sofia,2019
,,,29-40,"CeDeWu, ",Warszawa,2019
390,,,91-104,Wydawnictwo Uniwersytetu Ekonomicznego w Katowicach,Katowice,2019
20,,,23-37,Publishing House of the University of Economics in Katowice,Katowice,2019
,,,169-178,Varazdin Development and Entrepreneurship Agency,Varazdin,2019
2,14,,389-403,Russian State Social University,Moscow,2019
,,,,Faculty of Management University of Warsaw,Warsaw,2019
,11,,40-52,University North,Koprivnica,2019
390,,,125-138,Faculty of Law,Rabat,2019
390,,,105-124,Wydawnictwo Placet,Warszawa,2019
,,,,Wydawnictwo Placet,Warszawa,2019
4,61,,3-16,Wydawnictwo Placet,Warszawa,2019
3,11,,117-131,Wydawnictwo Placet,Warszawa,2019
390,,,7-17,International Business Information Management Association (IBIMA),Granada,2019
3,11,,48-59,International Business Information Management Association (IBIMA),Granada,2019
390,,,44-59,Wydawnictwo Politechniki Czêstochowskiej,Czêstochowa,2019
,,,14-15,"Difin, ",Warszawa,2019
2,55,,118-126,"Difin, ",Warszawa,2019
,,,185-211,"Difin, ",Warszawa,2019
,,,65-75,"Difin, ",Warszawa,2019
381,,,102-119,International Business Information Management Association (IBIMA),Granada,2019
3,7,,65-82,"Difin, ",Warszawa,2019
,,,15-36,International Business Information Management Association (IBIMA),Granada,2019
,104,,85-102,STEF92 Technology,Sofia,2019
,,,8417-8423,"Difin, ",Warszawa,2019
,,,492-496,"Difin, ",Warszawa,2019
,,,122-133,Wydawnictwo Placet,Warszawa,2019
,57,,191-203,Publishing House of the University of Economics in Katowice,Katowice,2019
,,,165-194,Publishing House of the University of Economics in Katowice,Katowice,2019
,,,7355-7365,Publishing House of the University of Economics in Katowice,Katowice,2019
,,,254-269,Masaryk University,Brno,2019
,,,2517-2526,Varazdin Development and Entrepreneurship Agency,Varazdin,2019
,,,279-287,Azerbaijan State University of Economics (UNEC),Baku,2019
,,,383-392,University North,Koprivnica,2019
,,,72-97,Faculty of Management University of Warsaw,Warsaw,2019
5,67,,1309-1323,Faculty of Law,Rabat,2019
,,,19-36,Varazdin Development and Entrepreneurship Agency,Varazdin,2019
,,,231-255,Azerbaijan State University of Economics (UNEC),Baku,2019
31,,,100-117,University North,Koprivnica,2019
9,,,2-8,Faculty of Management University of Warsaw,Warsaw,2019
,20,,199-212,Faculty of Law,Rabat,2019
,20,,141-156,Varazdin Development and Entrepreneurship Agency,Varazdin,2019
,,,177-188,"Springer, ",Cham,2019
4,21,,13-18,"Springer, ",Cham,2019
6,24,,748-766,Wydawnictwo Politechniki Czêstochowskiej,Czêstochowa,2019
,,,165-176,Wydawnictwo Uniwersytetu Ekonomicznego w Katowicach,Katowice,2019
,,,39-50,"Springer, ",Cham,2019
2,,,146-159,Wydawnictwo Politechniki Czêstochowskiej,Czêstochowa,2019
2,,,42-57,Varazdin Development and Entrepreneurship Agency,Varazdin,2019
,,,97-121,"Springer, ",Cham,2019
,,,84-96,Varazdin Development and Entrepreneurship Agency,Varazdin,2019
,,,223-237,University North,Koprivnica,2019
,20,,259-272,Faculty of Management University of Warsaw,Warsaw,2019
,,,122-132,Faculty of Law,Rabat,2019
,,,238-249,"Springer, ",Cham,2019
4,,,19-28,Wydawnictwo Politechniki Czêstochowskiej,Czêstochowa,2019
,,,,Varazdin Development and Entrepreneurship Agency,Varazdin,2019
,,,75-85,University North,Koprivnica,2019
20,11,,,Faculty of Management University of Warsaw,Warsaw,2019
2,63,,16-24,Faculty of Law,Rabat,2019
,,,5-16,"Springer, ",Cham,2019
19,11,,,"Springer, ",Cham,2019
,,,,Varazdin Development and Entrepreneurship Agency,Varazdin,2019
10,123,,906-911,Wydawnictwo Uniwersytetu Marii Curie-Sk³odowskiej,Lublin,2019
,,,,Varazdin Development and Entrepreneurship Agency,Varazdin,2019
7,63,,25-34,Wydawnictwo Politechniki Czêstochowskiej,Czêstochowa,2019
,,,1543-1548,"Springer, ",Cham,2019
,,,13-24,Wydawnictwo SGGW,Warszawa,2019
,,,,Wydawnictwo SGGW,Warszawa,2019
,,,163-177,Wydawnictwo Uniwersytetu Ekonomicznego w Katowicach,Katowice,2019
,,,,Wydawnictwo SGGW,Warszawa,2019
,,,27-28,Wydawnictwo Uniwersytetu Ekonomicznego w Katowicach,Katowice,2019
,,,137-153,Wydawnictwo SGGW,Warszawa,2019
,14,,29-43,Wydawnictwo SGGW,Warszawa,2019
,,,276-285,Wydawnictwo Uniwersytetu Ekonomicznego w Katowicach,Katowice,2019
,,,,Wydawnictwo SGGW,Warszawa,2019
11,11,,,Publishing House of the University of Economics in Katowice,Katowice,2019
,,,231-240,Wydawnictwo Uniwersytetu Ekonomicznego w Katowicach,Katowice,2019
,,,,Wydawnictwo Uniwersytetu Ekonomicznego w Katowicach,Katowice,2019
,,,,Wydawnictwo Uniwersytetu Ekonomicznego w Katowicach,Katowice,2019
,,,19-20,Wydawnictwo Uniwersytetu Ekonomicznego w Katowicach,Katowice,2019
,,,,Polskie Wydawnictwo Ekonomiczne,Warszawa,2019
,,,76-92,Akademia Wychowania Fizycznego im. Bronis³awa Czecha w Krakowie,Kraków,2019
,,,732-750,Oficyna Wydawnicza SGH - Szko³a G³ówna Handlowa w Warszawie,Warszawa,2019
,,,115-126,Springer International Publishing,Cham,2019
2,,,41-57,"Presscom, ",Wroc³aw,2019
,,,,Springer International Publishing,Cham,2019
11,11,,,Akademia Wychowania Fizycznego im. Bronis³awa Czecha w Krakowie,Kraków,2019
1,4,,35-40,Oficyna Wydawnicza SGH - Szko³a G³ówna Handlowa w Warszawie,Warszawa,2019
,,,,Varazdin Development and Entrepreneurship Agency,Varazdin,2019
,,,9-24,Faculty of Management University of Warsaw,Warsaw,2019
,,,129-139,Faculty of Law,Rabat,2019
,,,,Wydawnictwo Uniwersytetu £ódzkiego,£ódŸ,2019
,,,107-118,Varazdin Development and Entrepreneurship Agency,Varazdin,2019
,,,191-204,Varazdin Development and Entrepreneurship Agency,Varazdin,2019
,,,68-79,University North,Koprivnica,2019
7,63,,217-229,Faculty of Management University of Warsaw,Warsaw,2019
1,24,,155-177,Faculty of Law,Rabat,2019
,66,,84-93,Stowarzyszenie Ksiêgowych w Polsce - Zarz¹d G³ówny. Instytut Certyfikacji Zawodowej Ksiêgowych,Warszawa,2019
3,24,,334-354,Stowarzyszenie Ksiêgowych w Polsce - Zarz¹d G³ówny. Instytut Certyfikacji Zawodowej Ksiêgowych,Warszawa,2019
,,,,Instytut Rozwoju Wsi i Rolnictwa Polskiej Akademii Nauk ,Warszawa,2019
,,,9-24,Varazdin Development and Entrepreneurship Agency,Varazdin,2019
7,63,,58-70,Faculty of Management University of Warsaw,Warsaw,2019
5,,,21-27,Faculty of Law,Rabat,2019
7,63,,172-183,Academic Conferences and Publishing International Limited,Reading,2019
,,,144-155,Publishing Office of Czestochowa University of Technology,Czêstochowa,2019
,,,156-174,Wydawnictwo Uniwersytetu Marii Curie-Sk³odowskiej,Lublin,2019
139,,,607-619,Instytut Rozwoju Wsi i Rolnictwa Polskiej Akademii Nauk ,Warszawa,2019
,6,,111-125,Wydawnictwo Naukowe Instytutu Technologii Eksploatacji Pañstwowego Instytutu Badawczego,Radom,2019
1,,,49-63,Varazdin Development and Entrepreneurship Agency,Varazdin,2019
,,,,Megatrend University,Belgrade,2019
1,,,65-85,University North,Koprivnica,2019
1,16,,91-97,Faculty of Management University of Warsaw,Warsaw,2019
1,16,,137-147,Wydawnictwo Uniwersytetu Ekonomicznego w Katowicach,Katowice,2019
,,,,Wydawnictwo Uniwersytetu Ekonomicznego w Katowicach,Katowice,2019
,,,241-277,Wydawnictwo Uniwersytetu Ekonomicznego w Katowicach,Katowice,2019
1,,,193-206,Wydawnictwo Uniwersytetu Ekonomicznego w Katowicach,Katowice,2019
,,,61-74,Wydawnictwo Uniwersytetu Ekonomicznego w Katowicach,Katowice,2019
,,,245-252,Wydawnictwo Uniwersytetu Ekonomicznego w Katowicach,Katowice,2019
2,,,97-108,Wydawnictwo Uniwersytetu Ekonomicznego w Katowicach,Katowice,2019
5,,,3-9,Wydawnictwo Uniwersytetu Ekonomicznego w Katowicach,Katowice,2019
,,,153-168,Varazdin Development and Entrepreneurship Agency,Varazdin,2019
1,16,,70-79,Megatrend University,Belgrade,2019
1,83,,50-62,University North,Koprivnica,2019
,,,151-159,Faculty of Management University of Warsaw,Warsaw,2019
,,,12-13,Faculty of Law,Rabat,2019
,20,,283-301,Varazdin Development and Entrepreneurship Agency,Varazdin,2019
,,,,Megatrend University,Belgrade,2019
,,,211-212,University North,Koprivnica,2019
,20,,79-96,Faculty of Management University of Warsaw,Warsaw,2019
,,,1097-1124,Faculty of Law,Rabat,2019
,,,106-114,Varazdin Development and Entrepreneurship Agency,Varazdin,2019
1,,,16-21,Megatrend University,Belgrade,2019
1,84,,33-42,University North,Koprivnica,2019
4,,,55-64,Faculty of Management University of Warsaw,Warsaw,2019
1,84,,13-32,Faculty of Law,Rabat,2019
2,7,,,"Springer, ",Cham,2019
1,84,,63-74,"Springer, ",Cham,2019
,1,,,"Springer, ",Cham,2019
1,15,,123-146,Laboratorium Wiedzy Artur Borcuch,Kielce,2019
1,84,,43-61,Laboratorium Wiedzy Artur Borcuch,Kielce,2019
,,,105-107,Wydawnictwo Uniwersytetu Ekonomicznego w Katowicach,Katowice,2019
,,,1753-1755,Wydawnictwo Uniwersytetu Ekonomicznego w Katowicach,Katowice,2019
,,,,Laboratorium Wiedzy Artur Borcuch,Kielce,2019
34,,,114-122,Institute of Electrical and Electronics Engineers,York,2019
,,,109-122,Polskie Towarzystwo Informatyczne,Warszawa,2019
,,,1451-1461,Wydawnictwo Uniwersytetu Ekonomicznego w Katowicach,Katowice,2019
,,,947-976,Laboratorium Wiedzy Artur Borcuch,Kielce,2019
1,20,,145-157,Wydawnictwo Uniwersytetu Ekonomicznego w Katowicach,Katowice,2019
,,,,Wydawnictwo Uniwersytetu Gdañskiego,Gdañsk,2019
,,,386-394,Institute of Electrical and Electronics Engineers,York,2019
,,,56-68,Polskie Towarzystwo Informatyczne,Warszawa,2019
1,26,,195-211,Wydawnictwo Uniwersytetu Gdañskiego,Gdañsk,2019
,,,11-26,Wydawnictwo Uniwersytetu Ekonomicznego w Katowicach,Katowice,2019
7,,,2-7,Wydawnictwo Uniwersytetu Ekonomicznego w Katowicach,Katowice,2019
,,,173-184,Wydawnictwo Uniwersytetu Ekonomicznego w Katowicach,Katowice,2019
7,,,70-74,Wydawnictwo Uniwersytetu Ekonomicznego w Katowicach,Katowice,2019
,,,133-149,Wydawnictwo Uniwersytetu Ekonomicznego w Katowicach,Katowice,2019
379,,,72-95,Wydawnictwo Uniwersytetu Ekonomicznego w Katowicach,Katowice,2019
,,,172-188,Wydawnictwo Uniwersytetu Ekonomicznego w Katowicach,Katowice,2019
,,,137-171,Wydawnictwo Akademii Wychowania Fizycznego w Katowicach,Katowice,2019
379,,,46-56,Wydawnictwo Uniwersytetu Ekonomicznego w Katowicach,Katowice,2019
,,,,Wydawnictwo Uniwersytetu Ekonomicznego w Katowicach,Katowice,2019
,,,109-119,Wydawnictwo Akademii Wychowania Fizycznego w Katowicach,Katowice,2019
,,,3-4,Wydawnictwo Uniwersytetu Ekonomicznego w Katowicach,Katowice,2019
38,,,5-11,Wydawnictwo Uniwersytetu Ekonomicznego w Katowicach,Katowice,2019
,,,,University of South Bohemia in Ceske Budejovice,Budejovice,2019
2,18,,123-131,Wydawnictwo SGGW,Warszawa,2019
,,,,Wydawnictwo Uniwersytetu Ekonomicznego w Katowicach,Katowice,2019
,,,19-20,Wydawnictwo Uniwersytetu Ekonomicznego w Katowicach,Katowice,2019
32,10,,87-104,Wydawnictwo Uniwersytetu Ekonomicznego w Katowicach,Katowice,2019
,,,51-52,Publishing House of the University of Economics in Katowice,Katowice,2019
,,,20-26,Wydawnictwo Uniwersytetu Ekonomicznego w Katowicach,Katowice,2019
5,20,,1858-1869,Publishing House of the University of Economics in Katowice,Katowice,2019
4,,,41-60,Wydawnictwo Uniwersytetu Ekonomicznego w Katowicach,Katowice,2019
1,3,,83-86,Wydawnictwo Uniwersytetu Ekonomicznego w Katowicach,Katowice,2019
3,6,,,Wydawnictwo SGGW,Warszawa,2019
,,,215-224,Wydawnictwo Uniwersytetu Ekonomicznego w Katowicach,Katowice,2019
1,25,,50-66,Wydawnictwo SGGW,Warszawa,2019
,,,151-163,Wydawnictwo Uniwersytetu Ekonomicznego w Katowicach,Katowice,2019
,,,,Wydawnictwo Uniwersytetu Gdañskiego,Sopot,2019
1,,,133-156,Wydawnictwo Uniwersytetu Ekonomicznego w Katowicach,Katowice,2019
1,17,,155-166,Wydawnictwo Uniwersytetu Ekonomicznego w Katowicach,Katowice,2019
,,,191-206,Wydawnictwo Uniwersytetu Ekonomicznego w Katowicach,Katowice,2019
2,23,,1-14,Wydawnictwo Uniwersytetu Ekonomicznego w Katowicach,Katowice,2019
15,,,39-51,Wydawnictwo Uniwersytetu Ekonomicznego w Katowicach,Katowice,2019
,,,,Wydawnictwo Uniwersytetu Gdañskiego,Sopot,2019
,,,171-183,Wydawnictwo Uniwersytu Œl¹skiego,Katowice,2019
,,,83-99,Kyiv National University of Trade and Economics,Kyiv,2019
,35 ,,27-38,Wydawnictwo Uniwersytetu Ekonomicznego w Katowicach,Katowice,2019
27,,,45-57,VSB - Technical University of Ostrava,Ostrava,2019
379,,,31-45,VSB - Technical University of Ostrava,Ostrava,2019
,55,,352-372,Kyiv National University of Trade and Economics,Kyiv,2019
,,,,Wydawnictwo Uniwersytetu Ekonomicznego w Katowicach,Katowice,2019
,,,101-110,VSB - Technical University of Ostrava,Ostrava,2019
,,,,Wydawnictwo Uniwersytetu Ekonomicznego w Katowicach,Katowice,2019
,,,159-170,Wydawnictwo Uniwersytu Œl¹skiego,Katowice,2019
,,,28-49,VSB - Technical University of Ostrava,Ostrava,2019
1,71,,54-71,Wydawnictwo Uniwersytetu Ekonomicznego w Katowicach,Katowice,2019
,,,149-158,Wydawnictwo Uniwersytetu Gdañskiego,Gdañsk,2019
,,,11-27,Wydawnictwo Uniwersytetu Ekonomicznego w Katowicach,Katowice,2019
,,,237-250,Wydawnictwo Uniwersytetu Ekonomicznego w Katowicach,Katowice,2019
10,,,24-29,UNWE Publishing Complex,Sofia,2019
,,,579-588,Wydawnictwo Naukowe Uniwersytetu Szczeciñskiego,Szczecin,2019
1,17,,212-238,Wydawnictwo Naukowe Uniwersytetu Szczeciñskiego,Szczecin,2019
,,,,Wydawnictwo Naukowe Uniwersytetu Szczeciñskiego,Szczecin,2019
,,,119-136,Wydawnictwo Naukowe Uniwersytetu Szczeciñskiego,Szczecin,2019
,,,100-118,"CeDeWu, ",Warszawa,2019
,,,221-243,Wydawnictwo Uniwersytetu Ekonomicznego w Katowicach,Katowice,2019
,,,192-202,UNWE Publishing Complex,Sofia,2019
,,,263-280,Komitet Przestrzennego Zagospodarowania Kraju PAN,Warszawa,2019
,,,203-220,Wydawnictwo Uniwersytetu Ekonomicznego w Katowicach,Katowice,2019
,,,,Wydawnictwo Uniwersytetu Ekonomicznego w Katowicach,Katowice,2019
,,,83-98,Wolters Kluwer,Warszawa,2019
,,,205-211,Wydawnictwo Uniwersytetu Ekonomicznego w Katowicach,Katowice,2019
,,,209-228,Wydawnictwo Uniwersytetu Ekonomicznego w Katowicach,Katowice,2019
,,,135-149,Dom Wydawniczy ELIPSA,Warsaw,2019
,,,,University of South Bohemia in Ceske Budejovice,Budejovice,2019
,,,133-141,VSB - Technical University of Ostrava,Ostrava,2019
,,,29-44,Wydawnictwo Uniwersytetu Ekonomicznego w Katowicach,Katowice,2019
,,,276-288,Dom Wydawniczy ELIPSA,Warsaw,2019
,,,,Wydawnictwo Uniwersytetu Ekonomicznego w Katowicach,Katowice,2019
,,,,Wydawnictwo Uniwersytetu Ekonomicznego w Katowicach,Katowice,2019
,,,247-259,Wydawnictwo Naukowe Uniwersytetu Przyrodniczo-Humanistycznego w Siedlcach,Siedlce,2019
,,,260-275,Ekonomiceskij fakultet MGU imieni M.V. Lomonosova,Moskva,2019
,,,,Publishing House of the University of Economics in Katowice,Katowice,2019
4,55,,319-330,Fundacja \,Katowice,
,,,39-48,Wydawnictwo Naukowe Scholar,Warszawa,2019
,,,,Publishing House of the University of Economics in Katowice,Katowice,2019
4,19,,993-1032,Publishing House of the University of Economics in Katowice,Katowice,2019
,,,183-190,Fundacja \,Katowice,
,,,,Wydawnictwo Uniwersytetu Ekonomicznego w Katowicach,Katowice,2019
,,,,Wydawnictwo Uniwersytetu Ekonomicznego w Katowicach,Katowice,2019
,,,,Wydawnictwo Uniwersytetu Ekonomicznego w Katowicach,Katowice,2019
,,,236-252,Ekonomiceskij fakultet MGU imieni M.V. Lomonosova,Moskva,2019
,,,95-108,Wydawnictwo Uniwersytetu Ekonomicznego w Katowicach,Katowice,2019
,,,285-303,Wydawnictwo Uniwersytetu Ekonomicznego w Katowicach,Katowice,2019
,,,66-74,Wydawnictwo Naukowe Uniwersytetu Przyrodniczo-Humanistycznego w Siedlcach,Siedlce,2019
,,,152-160,Wydawnictwo Uniwersytetu Ekonomicznego w Katowicach,Katowice,2019
,,,,"Springer, ",Cham,2019
,,,,Wydawnictwo Uniwersytetu Ekonomicznego w Katowicach,Katowice,2019
,,,193-210,Wydawnictwo Uniwersytetu Ekonomicznego w Katowicach,Katowice,2019
,,,249-255,Wydawnictwo Uniwersytetu Ekonomicznego w Katowicach,Katowice,2019
,,,155-164,"Springer, ",Cham,2019
,,,103-111,"Springer, ",Cham,2019
,,,211-235,Wolters Kluwer,Warszawa,2019
,,,81-92,Lviv Polytechnic National University,Lviv,2019
,,,191-201,"Springer, ",Cham,2019
,,,,Wydawnictwo Naukowe Uniwersytetu Szczeciñskiego,Szczecin,2019
,,,53-64,Wydawnictwo Naukowe PWN,Warszawa,2019
,,,123-132,"Springer, ",Cham,2019
1,,,44-54,Edizioni Scientifiche Italiane,Napoli,2019
,,,276-289,Edizioni Scientifiche Italiane,Napoli,2019
45,,,23-40,"Springer, ",Cham,2019
5,17,,111-131,"Springer, ",Cham,2019
1,,,155-177,Wydawnictwo Spo³ecznej Akademii Nauk,Warszawa,2019
5,17,,24-39,Wydawnictwo Uniwersytetu Ekonomicznego w Katowicach,Katowice,2019
,19,,69-79,Wydawnictwo Naukowe Tygiel,Lublin,2019
,,,154-174,Publishing House of the University of Economics in Katowice,Katowice,2019
,,,175-184,Wydawnictwo Naukowe Tygiel,Lublin,2019
,,,140-153,Wydawnictwo Spo³ecznej Akademii Nauk,Warszawa,2019
10,,,22-30,Wydawnictwo Naukowe Scholar,Warszawa,2019
,,,62-83,Wydawnictwo Uniwersytetu Ekonomicznego w Katowicach,Katowice,2019
14,,,47-62,Wydawnictwo Spo³ecznej Akademii Nauk,Warszawa,2019
,,,,Pañstwowa Wy¿sza Szko³a Zawodowa im. Jana Grodka w Sanoku : Polskie Towarzystwo Historyczne,Sanok,2019
,,,415-420,Diamond Scientific Publication,Vilnius,2019
10,,,31-33,Pañstwowa Wy¿sza Szko³a Zawodowa im. Jana Grodka w Sanoku : Polskie Towarzystwo Historyczne,Sanok,2019
,,,,IGI Global ,Pennsylvania,2019
,,,109-147,Adam Mickiewicz University in Poznañ. Scientific Publisher of the Faculty of Political Science and Journalism,Poznañ,2019
,,,99-109,Adam Mickiewicz University in Poznañ. Scientific Publisher of the Faculty of Political Science and Journalism,Poznañ,2019
,,,31-39,Wydawnictwo Uniwersytetu Œl¹skiego,Katowice,2019
,,,187-210,"Difin, ",Warszawa,2019
,159,,2616-2628,IGI Global ,Pennsylvania,2019
,,,23-36,"CeDeWu, ",Warszawa,2019
,,,,Wydawnictwo C.H. Beck,Warszawa,2019
,,,11-22,Wydawnictwo Politechniki Czêstochowskiej,Czêstochowa,2019
,,,,Oficyna Wydawnicza Politechniki Rzeszowskiej,Rzeszów,2019
1,,,15-29,Uniwersytet Ekonomiczny we Wroc³awiu,Wroc³aw,2019
,,,167-183,Mateusz Weiland Network Solutions,S³upsk,2019
1,,,2-8,Oficyna Wydawnicza Politechniki Rzeszowskiej,Rzeszów,2019
1,,,209-221,Mateusz Weiland Network Solutions,S³upsk,2019
,,,11-21,Uniwersytet Ekonomiczny we Wroc³awiu,Wroc³aw,2019
,,,,Wydawnictwo Naukowe Wydzia³u Zarz¹dzania Uniwersytetu Warszawskiego,Warszawa,2019
,,,73-86,Wydawnictwo Naukowe Wydzia³u Zarz¹dzania Uniwersytetu Warszawskiego,Warszawa,2019
,,,41-53,Wydawnictwo Naukowe Wydzia³u Zarz¹dzania Uniwersytetu Warszawskiego,Warszawa,2019
,,,,Wydawnictwo Uniwersytetu Ekonomicznego w Katowicach,Katowice,2019
,,,76-86,"MELANDRIUM, ",Macakova,2019
,,,,Wydawnictwo Uniwersytetu Ekonomicznego w Katowicach,Gdañsk,2019
,,,55-75,Wydawnictwo Uniwersytetu Ekonomicznego w Katowicach,Katowice,2019
,,,,"CeDeWu, ",Warszawa,2019
389,,,101-117,Wydawnictwo Uniwersytetu Gdañskiego,Gdañsk,2019
,,,81-108,Vidavnictvo \S. ,Herson,
,,,99-107,Vidavnictvo \S. ,Herson,
,,,87-98,Wydawnictwo Uniwersytetu Ekonomicznego w Katowicach,Katowice,2019
,,,,Wydawnictwo Uniwersytetu Gdañskiego,Gdañsk,2019
389,,,20-37,"MELANDRIUM, ",Macakova,2019
,,,37-44,Wydawnictwo Uniwersytetu Ekonomicznego w Katowicach,Katowice,2019
12,,,58-62,Wydawnictwo Uniwersytetu Gdañskiego,Gdañsk,2019
,,,279-289,Wydawnictwo Uniwersytetu Ekonomicznego w Katowicach,Katowice,2019
,,,68-80,Springer International Publishing,Cham,2019
,117,,61-77,Wydawnictwo Uniwersytetu Ekonomicznego w Katowicach,Katowice,2019
,,,13-39,Wydawnictwo Uniwersytetu Œl¹skiego,Katowice,2019
,,,40-67,M³odzi Naukowcy,Poznañ,2019
,,,493-503,M³odzi Naukowcy,Poznañ,2019
,,,145-168,M³odzi Naukowcy,Poznañ,2019
,,,125-141,M³odzi Naukowcy,Poznañ,2019
,,,,Wydawnictwo Uniwersytetu Œl¹skiego,Katowice,2019
1,,,19-31,M³odzi Naukowcy,Poznañ,2019
8,63,,143-153,"CeDeWu, ",Warszawa,2019
,,,124-130,Wydawnictwo Uniwersytetu Ekonomicznego w Katowicach,Katowice,2019
,,,261-278,M³odzi Naukowcy,Poznañ,2019
4,,,21-24,Wydawnictwo Uniwersytetu Ekonomicznego w Katowicach,Katowice,2019
,,,,M³odzi Naukowcy,Poznañ,2019
,,,243-260,Diamond Scientific Publication,Rome,2019
,,,133-152,Diamond Scientific Publication,Rome,2019
,,,167-173,STEF92 Technology,Sofia,2019
1,,,35-43,Diamond Scientific Publication,Rome,2019
,,,,STEF92 Technology,Sofia,2019
3,20,,424-445,Wydawnictwo Uniwersytetu Ekonomicznego w Katowicach,Katowice,2019
,,,81-113,Wydawnictwo Uniwersytetu Ekonomicznego w Katowicach,Katowice,2019
31,51,,3389-3400,Academic Conferences and Publishing International Limited,Reading,2019
4,,,5-12,Wydawnictwo Uniwersytetu Ekonomicznego w Katowicach,Katowice,2019
,,,,Academic Conferences and Publishing International Limited,Reading,2019
,,,301-313,Publishing House of the University of Economics in Katowice,Katowice,2019
,,,291-299,Wydawnictwo Politechniki Czêstochowskiej,Czêstochowa,2019
,,,13473-13488,"Springer, ",Cham,2019
2,6,,76-88,"Springer, ",Cham,2019
2,13,,81-88,"Springer, ",Cham,2019
,,,37-50,"Springer, ",Cham,2019
340,1,,73-89,"Springer, ",Cham,2019
,20,,197-208,"Springer, ",Cham,2019
2,6,,22-31,Wydawnictwo Politechniki Czêstochowskiej,Czêstochowa,2019
2,35,,193-203,"Springer, ",Cham,2019
,,,180002-1,"Springer, ",Cham,2019
,20,,191-207,"Springer, ",Cham,2019
,,,200-223,"Springer, ",Cham,2019
1,18,,61-72,Publishing House of the University of Economics in Katowice,Katowice,2019
,20,,53-67,Publishing House of the University of Economics in Katowice,Katowice,2019
,,,10869-10879,Publishing House of the University of Economics in Katowice,Katowice,2019
,,,12816-12822,Publishing House of the University of Economics in Katowice,Katowice,2019
,122,,218-230,Publishing House of the University of Economics in Katowice,Katowice,2019
,20,,155-169,Publishing House of the University of Economics in Katowice,Katowice,2019
,20,,139-152,Wydawnictwo Poltext,Warszawa,2019
,55,,411-428,University of Hawai'i at Manoa,Manoa,2019
,,,117-124,University of Hawai'i at Manoa,Manoa,2019
,,,,"CeDeWu, ",Warszawa,2019
,,,,Wydawnictwo SGGW,Warszawa,2019
3,11,,,Wydawnictwo AMPoligrafia,Katowice,2019
,,,,Wydawnictwo SGGW,Warszawa,2019
,,,,Wydawnictwo C.H. Beck,Warszawa,2019
,164,,11-18,Springer Nature Switzerland,Cham,2019
,,,9-25,"Difin, ",Warszawa,2019
,101,,133-148,Springer Nature Switzerland,Cham,2019
,,,91-107,Springer Nature Switzerland,Cham,2019
4,23,,80-95,Obuda University Keleti Faculty of Business and Management,Budapest,2019
140,,,351-364,Wydawnictwo C.H. Beck,Warszawa,2019
139,,,575-586,Obuda University Keleti Faculty of Business and Management,Budapest,2019
,,,,Wydawnictwo Uniwersytetu Ekonomicznego w Katowicach,Katowice,2019
2,59,,116-126,Springer Nature Switzerland,Cham,2019
4,10,,589-602,Obuda University Keleti Faculty of Business and Management,Budapest,2019
,,,57-68,"SportWin, ",Poznañ,2019
,,,,Masaryk University,Brno,2019
,,,21-43,Masaryk University,Brno,2019
386,,,122-134,Varazdin Development and Entrepreneurship Agency,Varazdin,2019
386,,,135-144,Study Centre for European Policy Studies (CEPS),Lisbon,2019
386,,,95-107,Centre for Research in Political Science,Lisbon,2019
386,,,108-121,Fundacao para a Ciencia e a Tecnologia (FCT),Lisbon,2019
5,63,,19-28,The Research Unit on Governance,Aveiro,2019
,,,,University North,Koprivnica,2019
5,63,,78-89,Faculty of Management University of Warsaw,Warsaw,2019
,,,45-54,Faculty of Law,Rabat,2019
23,,,9-22,Masaryk University,Brno,2019
,,,,Varazdin Development and Entrepreneurship Agency,Varazdin,2019
,,,,Study Centre for European Policy Studies (CEPS),Lisbon,2019
2,,,49-59,Centre for Research in Political Science,Lisbon,2019
4,20,,153-166,Fundacao para a Ciencia e a Tecnologia (FCT),Lisbon,2019
,,,163-176,The Research Unit on Governance,Aveiro,2019
3,7,,120-125,University North,Koprivnica,2019
3,20,,9-19,Faculty of Management University of Warsaw,Warsaw,2019
,,,,Faculty of Law,Rabat,2019
,,,79-93,Izdatel'stvo Kazanskogo Universiteta,Kazan,2019
4,14,,742-749,Wydawnictwo Uniwersytetu Ekonomicznego w Katowicach,Katowice,2019
,38,,67-88,Varazdin Development and Entrepreneurship Agency,Varazdin,2019
,,,,Pearson College London,London,2019
,,,,University North,Koprivnica,2019
,,,,Faculty of Management University of Warsaw,Warsaw,2019
,,,20-32,Faculty of Law,Rabat,2019
,,,104-114,Izdatel'stvo Kazanskogo Universiteta,Kazan,2019
,,,36-43,Wydawnictwo Naukowe Akademii WSB,Górnicza,2019
2,66,,157-164,Polskie Towarzystwo Ekonomiczne w Katowicach,Katowice,2019
,,,,"SportWin, ",Poznañ,2019
385,,,37-49,Vydavate'lstvo EKONÓM,Bratislava,2011
386,,,62-71,Wydawnictwo Naukowe Akademii WSB,Górnicza,2019
386,,,72-83,Polskie Towarzystwo Ekonomiczne w Katowicach,Katowice,2019
386,,,40-51,"Springer, ",Cham,2019
386,,,52-61,Vydavate'lstvo EKONÓM,Bratislava,2019
386,,,20-29,"Springer, ",Cham,2019
386,,,30-39,Wydawnictwo Naukowe Akademii WSB,Górnicza,2019
,,,313-333,Polskie Towarzystwo Ekonomiczne w Katowicach,Katowice,2019
385,,,129-139,"Springer, ",Cham,2019
,,,,Monetary Research Center,Sofia,2019
386,,,7-19,Monetary Research Center,Sofia,2019
385,,,50-60,Wydawnictwo Naukowe Akademii WSB,Górnicza,2019
,,,251-270,Polskie Towarzystwo Ekonomiczne w Katowicach,Katowice,2019
,,,86-110,Wydawnictwo Naukowe Akademii WSB,Górnicza,2019
,,,1319-1328,Polskie Towarzystwo Ekonomiczne w Katowicach,Katowice,2019
1,7,,102-126,Wydawnictwo Uniwersytetu Gdañskiego,Gdañsk,2019
3,,,,Wydawnictwo Uniwersytetu Ekonomicznego w Katowicach,Katowice,2019
,,,,Wydawnictwo Uniwersytetu Gdañskiego,Gdañsk,2019
22,9,,104-114,Wydawnictwo Uniwersytetu Ekonomicznego w Katowicach,Katowice,2019
,,,111-124,Wydawnictwo Uniwersytetu Ekonomicznego w Katowicach,Katowice,2019
1,73,,182-193,Wydawnictwo Sejmowe,Warszawa,2019
,,,287-292,Wydawnictwo Uniwersytetu Ekonomicznego w Katowicach,Katowice,2019
48,,,,Wydawnictwo Politechniki Czêstochowskiej,Czestochowa,2019
33,,,11-32,Wydawnictwo Sejmowe,Warszawa,2019
,,,175-188,Wydawnictwo Uniwersytetu Marii Curie-Sk³odowskiej,Lublin,2019
,,,48-53,Wydawnictwo Uniwersytetu Ekonomicznego w Katowicach,Katowice,2019
48,,,,Wydawnictwo Uniwersytetu Marii Curie-Sk³odowskiej,Lublin,2019
,,,,Wydawnictwo Uniwersytetu Ekonomicznego w Katowicach,Katowice,2019
,,,48-85,Wydawnictwo Uniwersytetu Ekonomicznego w Katowicach,Katowice,2019
,,,137-158,Wydawnictwo Uniwersytetu Ekonomicznego w Katowicach,Katowice,2019
,,,,Wydawnictwo Uniwersytetu Ekonomicznego w Katowicach,Katowice,2019
,,,,Wydawnictwo Uniwersytetu Ekonomicznego w Katowicach,Katowice,2019
,,,209-235,Varazdin Development and Entrepreneurship Agency,Varazdin,2019
,,,55-70,Pearson College London,London,2019
,,,75-85,University North,Koprivnica,2019
,,,,Faculty of Management University of Warsaw,Warsaw,2019
,,,12-19,Faculty of Law,Rabat,2019
,,,238-248,Cracow University of Economics ,Toruñ,
,,,137-142,Varazdin Development and Entrepreneurship Agency,Varazdin,2019
22,9,,76-85,Pearson College London,London,2019
,,,111-124,University North,Koprivnica,2019
8,,,11-24,Faculty of Management University of Warsaw,Warsaw,2019
,,,131-136,Faculty of Law,Rabat,2019
,,,,Wydawnictwo Uniwersytetu Ekonomicznego w Katowicach,Katowice,2019
8,,,25-38,Wydawnictwo Proksenia,Poznañ,2019
4,,,88-100,Wydawnictwo Uniwersytetu £ódzkiego,£ódŸ,2019
,,,41-47,Cracow University of Economics ,Toruñ,
4,,,163-165,Wydawnictwo Uniwersytetu Ekonomicznego w Katowicach,Katowice,2019
,,,124-130,Wydawnictwo Proksenia,Poznañ,2019
,,,,Wydawnictwo Proksenia,Poznañ,2019
,,,35-40,Wydawnictwo Uniwersytetu Ekonomicznego w Katowicach,Katowice,2019
,,,205-216,Wydawnictwo Uniwersytetu £ódzkiego,£ódŸ,2019
,,,13-47,Varazdin Development and Entrepreneurship Agency,Varazdin,2019
,,,,Pearson College London,London,2019
,,,205-235,University North,Koprivnica,2019
,,,46-52,Faculty of Management University of Warsaw,Warsaw,2019
380,,,67-78,Faculty of Law,Rabat,2019
,,,,Ko³o Naukowe Systemów Komunikacyjnych Politechniki Krakowskiej im. T. Koœciuszki,Kraków,2019
380,,,7-16,Urz¹d Komisji Nadzoru Finansowego,Warszawa,2019
,20,,145-156,Wydawnictwo Uniwersytetu Ekonomicznego w Katowicach,Katowice,2019
,20,,99-110,Ko³o Naukowe Systemów Komunikacyjnych Politechniki Krakowskiej im. T. Koœciuszki,Kraków,2019
,,,,Wydawnictwo Uniwersytetu Ekonomicznego w Katowicach,Katowice,2019
2,11,,,Wydawnictwo Uniwersytetu Ekonomicznego w Katowicach,Katowice,2019
6,,,16-22,Wydawnictwo Uniwersytetu Ekonomicznego w Katowicach,Katowice,2019
1,39,,29-44,Wydawnictwo Uniwersytetu Ekonomicznego w Katowicach,Katowice,2019
,,,483-491,Wydawnictwo Uniwersytetu Ekonomicznego w Katowicach,Katowice,2019
,,,20-66,Izdatel'stvo Kazanskogo Universiteta,Kazan,2019
,,,9-19,Varazdin Development and Entrepreneurship Agency,Varazdin,2019
,,,732-739,Pearson College London,London,2019
14,,,243-254,University North,Koprivnica,2019
,,,,Faculty of Management University of Warsaw,Warsaw,2019
,1,,,Faculty of Law,Rabat,2019
380,,,104-113,Wydawnictwo Uniwersytetu Ekonomicznego w Katowicach,Katowice,2019
380,,,127-139,Institute for Sustainability Science and Technology (ISST-UPC) Universitat Politecnica de CatalunyaBarcelonaTech,Barcelona,2019
3,4,,,Lvivskiy Nacionalnyi Universitet imeni Ivana Franka,Lviv,2019
,,,,Wydawnictwo Uniwersytetu Ekonomicznego w Katowicach,Katowice,2019
2,141,,861-871,"Springer, ",Cham,2019
,20,,171-187,Wydawnictwo Uniwersytetu Ekonomicznego we Wroc³awiu,Wroc³aw,2019
,20,,157-169,Lvivskiy Nacionalnyi Universitet imeni Ivana Franka,Lviv,2019
6,98,,2391-2424,Wydawnictwo Uniwersytetu Ekonomicznego w Katowicach,Katowice,2019
,,,241-252,Wydawnictwo Uniwersytetu Ekonomicznego w Katowicach,Katowice,2019
,,,3-16,Wydawnictwo Uniwersytetu Ekonomicznego w Katowicach,Katowice,2019
1,7,,525-539,"Springer, ",Cham,2019
,,,,Wydawnictwo Uniwersytetu Ekonomicznego w Katowicach,Katowice,2019
,,,422-433,Wydawnictwo Uniwersytetu Ekonomicznego w Katowicach,Katowice,2019
,,,,Wydawnictwo Uniwersytetu Marii Curie-Sk³odowskiej,Lublin,2019
,,,122-132,Wydawnictwo Politechniki Czêstochowskiej,Czestochowa,2019
,,,145-154,AGH University of Science and Technology Press,Kraków,2019
,,,,"Elsevier, ",Amsterdam,2019
,,,,AGH University of Science and Technology Press,Kraków,2019
,,,13-23,"Springer, ",Cham,2019
,,,53-71,"Elsevier, ",Amsterdam,2019
,,,,Institute for Sustainability Science and Technology (ISST-UPC) Universitat Politecnica de Catalunya,Barcelona,2019
,,,,Wydawnictwo Uniwersytetu Rzeszowskiego,Rzeszów,2019
16,11,,,Institute for Sustainability Science and Technology (ISST-UPC) Universitat Politecnica de Catalunya,Barcelona,2019
,,,68-77,Editura Economica,Bucharest,2019
,,,56-67,Institute for Sustainability Science and Technology (ISST-UPC) Universitat Politecnica de CatalunyaBarcelonaTech,Barcelona,2019
,,,103-118,"Springer, ",Cham,2019
,,,92-102,Institute for Sustainability Science and Technology (ISST-UPC) Universitat Politecnica de Catalunya,Barcelona,2019
,,,5-19,Wydawnictwo Uniwersytetu Rzeszowskiego,Rzeszów,2019
,,,20-30,Editura Economica,Bucharest,2019
,,,,University College of Inspection and Personnel Management in Split,Split,2019
1,11,,,The University of Applied Sciences Baltazar,Zapresic,2019
4,24,,445-468,University North,Koprivnica,2019
387,,,35-54,Faculty of Management University of Warsaw,Warsaw,2019
3,,,625-651,Faculty of Law,Rabat,2019
387,,,101-114,Varazdin Development and Entrepreneurship Agency,Varazdin,2019
1,19,,98-109,University College of Inspection and Personnel Management in Split,Split,2019
387,,,20-34,The University of Applied Sciences Baltazar,Zapresic,2019
2,33,,220-232,University North,Koprivnica,2019
,,,283-294,Faculty of Management University of Warsaw,Warsaw,2019
3,,,1-7,Faculty of Law,Rabat,2019
,,,51-60,Varazdin Development and Entrepreneurship Agency,Varazdin,2019
,,,17-27,The University of Applied Sciences Baltazar,Zapresic,2019
14,,,179-194,University North,Koprivnica,2019
53,,,227-262,Faculty of Management University of Warsaw,Warsaw,2019
,,,201-211,Faculty of Law,Rabat,2019
,2019,,,Varazdin Development and Entrepreneurship Agency,Varazdin,2019
136,,,609-618,University College of Inspection and Personnel Management in Split,Split,2019
,,,319-328,The University of Applied Sciences Baltazar,Zapresic,2019
,,,,University North,Koprivnica,2019
,,,214-234,Faculty of Management University of Warsaw,Warsaw,2019
1,13,,1-11,Faculty of Law,Rabat,2019
,14,,119-143,Wydawnictwo Uniwersytetu Ekonomicznego w Katowicach,Katowice,2019
,,,409-424,"CeDeWu, ",Warszawa,2019
,,,248-251,Wydawnictwo Uniwersytetu Ekonomicznego w Poznaniu,Poznañ,2019
,,,,Wydawnictwo Uniwersytetu Gdañskiego,Gdañsk,2019
,,,1-7,Wy¿sza Szko³a Zarz¹dzania i Administracji w Opolu,Opole,2019
,,,319-335,Wydawnictwo Naukowe Wydzia³u Zarz¹dzania Uniwersytetu Warszawskiego,Warszawa,2019
1,13,,62-71,Woronezskij Gosudarstvennyj Pedagogiceskij Universitet,Worone¿,2019
,,,95-102,ISEN Yncréa Méditerranée,Toulon,2019
53,,,103-128,Wydawnictwo Uniwersytetu Ekonomicznego w Katowicach,Katowice,2019
,,,,Wy¿sza Szko³a Zarz¹dzania i Administracji w Opolu,Opole,2019
,11,,22-31,Wydawnictwo C.H. Beck,Warszawa,2019
,,,,Wydawnictwo Uniwersytetu Ekonomicznego w Katowicach,Katowice,2019
1,31,,75-80,Alanya Alaaddin Keykubat University,Alanya,2019
7,5,e01970,,Wydawnictwo Uniwersytetu Ekonomicznego w Katowicach,Katowice,2019
1,27,,77-95,"CeDeWu, ",Warszawa,2019
4,20,,147-170,Alanya Alaaddin Keykubat University,Alanya,2019
,55,,373-392,Wydawnictwo Naukowe Scholar,Warszawa,2019
,,,44-45,Alanya Alaaddin Keykubat University,Alanya,2019
,,,,Diamond Scientific Publication,Vilnius,2019
,,,173-186,Diamond Scientific Publication,Vilnius,2019
,,,282-289,Vilnius Gediminas Technical University,Vilnius,2019
,,,37-38,VGTU Press \S. ,Vilnius,
1,11,,74-84,Palgrave Macmillan,Singapore,2019
,,,25-26,Diamond Scientific Publication,Vilnius,2019
,,,603-609,Diamond Scientific Publication,Vilnius,2019
,,,,Palgrave Macmillan,Singapore,2019
4,2,,57-65,Institute of Economic Research,Olsztyn,2019
3,2,,24-35,Wydawnictwo C.H. Beck,Warszawa,2019
,,,418-425,Institute of Economic Research,Olsztyn,2019
,,,47-48,Institute of Economic Research,Olsztyn,2019
,,,327-343,Wydawnictwo Uniwersytetu Jagielloñskiego,Kraków,2019
,,,,Wydawnictwo Uniwersytetu Ekonomicznego w Katowicach,Katowice,2019
,,,,Institute of Economic Research,Olsztyn,2019
,,,301-305,"CeDeWu, ",Warszawa,2019
2,63,,81-90,Institute of Economic Research,Olsztyn,2019
,,,,Wydawnictwo Uniwersytetu Ekonomicznego w Katowicach,Katowice,2019
,,,,Wydawnictwo Uniwersytetu Jagielloñskiego,Kraków,2019
,,,23-36,Wydawnictwo Uniwersytetu Ekonomicznego w Katowicach,Katowice,2019
1,,,9-21,Wydawnictwo Uniwersytetu Ekonomicznego w Katowicach,Katowice,2019
,,,,Wydawnictwo Uniwersytetu Ekonomicznego w Katowicach,Katowice,2019
,,,59-81,Institute of Economic Research,Olsztyn,2019
,,,,Vilnius Gediminas Technical University,Vilnius,2019
,,,306-316,VGTU Press \S. ,Vilnius,
,,,93-102,Wydawnictwo Uniwersytetu Ekonomicznego w Katowicach,Katowice,2019
,,,37-48,Academic Conferences and Publishing International Limited,Reading,2019
62,,,40-41,ISEN Yncréa Méditerranée,Toulon,2019
57,,,270-278,Wydawnictwo Uniwersytetu Ekonomicznego w Katowicach,Katowice,2019
57,,,259-269,Wydawnictwo Uniwersytetu Œl¹skiego,Katowice,2019
,110,,232-252,Wydawnictwo Uniwersytetu Ekonomicznego w Katowicach,Katowice,2019
,,,103-116,Academic Conferences and Publishing International Limited,Reading,2019
,20,,273-287,Institute of Economic Research,Olsztyn,2019
,,,83-101,Wydawnictwo Uniwersytetu Ekonomicznego w Katowicach,Katowice,2019
,,,113-130,Varazdin Development and Entrepreneurship Agency,Varazdin,2019
2,28,,5-21,Facultad de Ciencias Economicas,Aires,2019
,,,,Faculty of Management University of Warsaw,Warsaw,2019
1,9,,32-46,University of Belgrade,Belgrade,2019
,,,88-94,Slovenian Society Informatika,Ljubljana,2019
,,,,"Springer, ",Cham,2019
12,63,,77-87,Slovenian Society Informatika,Ljubljana,2019
,,,205-218,"Springer, ",Cham,2019
,,,98-108,"Springer, ",Cham,2019
,,,15-30,Slovenian Society Informatika,Ljubljana,2019
,,,171-181,"Springer, ",Cham,2019
378,,,111-120,Varazdin Development and Entrepreneurship Agency,Varazdin,2019
,,,75-87,Facultad de Ciencias Economicas,Aires,2019
,,,32-40,University North,Koprivnica,2019
378,,,99-110,Faculty of Management University of Warsaw,Warsaw,2019
,,,25-43,Economics and Social Sciences Sale - Mohammed V University in Rabat,Rabat,2019
,,,11-24,Institute of Economic Research,Olsztyn,2019
,,,196-204,Oficyna Wydawnicza SGH - Szko³a G³ówna Handlowa w Warszawie,Warszawa,2019
,,,,Wydawnictwo C.H. Beck,Warszawa,2019
,,,241-253,Wy¿sza Szko³a Zarz¹dzania i Administracji w Opolu,Opole,2019
,,,301-308,Wydawnictwo C.H. Beck,Warszawa,2019
,,,,Wydawnictwo C.H. Beck,Warszawa,2019
,,,111-122,Institute of Economic Research,Olsztyn,2019
,,,,Wydawnictwo Naukowe PWN,Warszawa,2019
,,,115-124,Institute of Economic Research,Olsztyn,2019
,,,122-127,"CeDeWu, ",Warszawa,2019
,,,46-56,Institute of Economic Research,Olsztyn,2019
,,,132-139,Oficyna Wydawnicza SGH - Szko³a G³ówna Handlowa w Warszawie,Warszawa,2019
,,,,Instytut Dziennikarstwa,Kraków,2019
,,,78-109,Wydawnictwo ToC,Targ,2019
,,,44-77,Wydawnictwo Uniwersytetu Gdañskiego,Gdañsk,2019
,,,133-146,Wydawnictwo Uniwersytetu Gdañskiego,Gdañsk,2019
,,,110-132,Wydawnictwo C.H. Beck,Warszawa,2019
,,,352-356,Instytut Dziennikarstwa,Kraków,2019
,,,352-357,Wydawnictwo ToC,Targ,2019
7,,,22-31,Wydawnictwo C.H. Beck,Warszawa,2019
,,,197-247,Faculty of Mass Media Communication,Trnava,2019
,,,271-275,Wydawnictwo Politechniki Czêstochowskiej,Czêstochowa,2019
,,,193-199,Wydawnictwo Uniwersytetu Gdañskiego,Gdañsk,2019
,,,184-196,Instytut Pamiêci Narodowej - Komisja Œcigania Zbrodni przeciwko Narodowi Polskiemu,Warszawa,2019
,,,177-188,Slovenian Society Informatika,Ljubljana,2019
,,,,Faculty of Mass Media Communication,Trnava,2019
11,98,,1828-1831,Faculty of Mass Media Communication,Trnava,2019
1,41,,15-22,Wydawnictwo Uniwersytetu Marii Curie-Sk³odowskiej,Lublin,2019
,,,126-159,Instytut Pamiêci Narodowej - Komisja Œcigania Zbrodni przeciwko Narodowi Polskiemu,Warszawa,2019
,,,85-125,Wydawnictwo Uniwersytetu Marii Curie-Sk³odowskiej,Lublin,2019
,103,,135-150,Faculty of Mass Media Communication,Trnava,2019
,,,170-183,Kancelaria Senatu,Warszawa,2019
,,,,Slovenian Society Informatika,Ljubljana,2019
,8,,26-36,Kancelaria Senatu,Warszawa,2019
,,,160-169,"Springer, ",Cham,2019
14,,,313-324,Emerald Publishing Limited,Bingley,2019
21,,,211-219,Wydawnictwo Politechniki £ódzkiej,£ódŸ,2019
,,,67-84,Governance Research and Development Centre (CIRU),Zagreb,2019
2,12,,250-266,Wydawnictwo Politechniki £ódzkiej,£ódŸ,2019
,,,61-74,Wydawnictwo Akademii Pedagogiki Specjalnej,Warszawa,2019
,,,39-49,Wydawnictwo Akademii Pedagogiki Specjalnej,Warszawa,2019
,,,83-90,"CeDeWu, ",Warszawa,2019
,,,,Wydawnictwo Uniwersytetu Ekonomicznego w Poznaniu,Poznañ,2019
,,,,C.H. Beck,Warszawa,2019
,,,,Wydawnictwo Akademii Pedagogiki Specjalnej,Warszawa,2019
,,,,C.H. Beck,Warszawa,2019
,,,,Wydawnictwo Uniwersytetu Ekonomicznego w Katowicach,Katowice,2019
3,23,,26-39,Wydawnictwo Uniwersytetu Gdañskiego,Gdañsk,2019
,,,,Wydawnictwo C.H. Beck,Warszawa,2019
,,,,Wydawnictwo Uniwersytetu Ekonomicznego w Poznaniu,Poznañ,2019
,,,,Publishing House of the University of Economics in Katowice,Katowice,2019
,,,122-133,Publishing House of the University of Economics in Katowice,Katowice,2019
,,,,Publishing House of the University of Economics in Katowice,Katowice,2019
,,,205-225,C.H. Beck,Warszawa,2019
,,,549-569,Publishing House of the University of Economics in Katowice,Katowice,2019
,,,,Wydawnictwo Akademii Pedagogiki Specjalnej,Warszawa,2019
,,,182-189,Routledge,York,2019
4,22,,21-36,Wydawnictwo Akademii Pedagogiki Specjalnej,Warszawa,2019
,,,,C.H. Beck,Warszawa,2019
,,,27-28,Publishing House of the University of Economics in Katowice,Katowice,2019
,,,103-112,Publishing House of the University of Economics in Katowice,Katowice,2019
,,,34-48,Wydawnictwo Akademii Pedagogiki Specjalnej,Warszawa,2019
4,,,176-187,Publishing House of the University of Economics in Katowice,Katowice,2019
4,15,,139-161,C.H. Beck,Warszawa,2019
3,20,,241-255,Routledge,York,2019
,,,55-68,Wydawnictwo Akademii Pedagogiki Specjalnej,Warszawa,2019
80,,,219-234,C.H. Beck,Warszawa,2019
136,,,257-266,"Springer, ",Cham,2019
,76,,682-696,"CeDeWu, ",Warszawa,2019
,,,,Varazdin Development and Entrepreneurship Agency,Varazdin,2019
,,,,University North,Koprivnica,2019
,,,334-340,Faculty of Management University of Warsaw,Warsaw,2019
21,,,51-63,Faculty of Law,Rabat,2019
,,,191-210,Polytechnic of Medimurje in Cakovec,Cakovec,2019
,,,175-188,Varazdin Development and Entrepreneurship Agency,Varazdin,2019
6,,,97-112,University North,Koprivnica,2019
2,,,29-46,Faculty of Management University of Warsaw,Warsaw,2019
70,2,,91-122,Faculty of Law,Rabat,2019
3,20,,271-286,Polytechnic of Medimurje in Cakovec,Cakovec,2019
,,,141-152,Woronezskij Gosudarstvennyj Pedagogiceskij Universitet,Worone¿,2019
136,,,289-303,Wydawnictwo Uniwersytetu Rzeszowskiego,Rzeszów,2019
6,11,,,Wydawnictwo Uniwersytetu Rzeszowskiego,Rzeszów,2019
,,,81-104,Varazdin Development and Entrepreneurship Agency,Varazdin,2019
5,11,,,University North,Koprivnica,2019
,,,98-106,Faculty of Management University of Warsaw,Warsaw,2019
,,,41-50,Faculty of Law,Rabat,2019
136,,,165-178,Polytechnic of Medimurje in Cakovec,Cakovec,2019
1,,,7-35,Varazdin Development and Entrepreneurship Agency,Varazdin,2019
1,,,102-114,University North,Koprivnica,2019
136,,,267-276,Faculty of Management University of Warsaw,Warsaw,2019
6,63,,249-260,Faculty of Law,Rabat,2019
12,,,80-85,Polytechnic of Medimurje in Cakovec,Cakovec,2019
3,,,63-76,Uniwersytet Œl¹ski w Katowicach. Wydzia³ Prawa i Administracji,Katowice,2019
2,13,,46-55,Wydawnictwo C.H. Beck,Warszawa,2019
,,,,Uniwersytet Œl¹ski w Katowicach. Wydzia³ Prawa i Administracji,Katowice,2019
,,,,IGI Global ,Hershey,
45,,,103-122,C.H. Beck,Warszawa,2019
,,,244-266,Governance Research and Development Centre (CIRU),Zagreb,2019
136,,,631-641,Wydawnictwo Politechniki £ódzkiej,£ódŸ,2019
,,,175-180,IGI Global ,Hershey,
136,,,693-705,Wydawnictwo Politechniki Czêstochowskiej,Czêstochowa,2019
